PartyId,PartyName,Address
10,Blue Horizon Roofing,"1234 North Maple Avenue, Springfield, IL 62704"
11,Blue Horizon Roofing LLC,"1234 N Maple Ave,Springfield,IL,62704,USA"
12,Blue-Horizon Roof. L.L.C.,1234 N. Maple Ave Springfield IL 62704
13,Blue Horizon Roofing Co.,"1234 Maple Ave North, Springfield, Illinois 62704 USA"
14,Alpha & Omega Electric Corp,"5678 East Oak St, Centerville, CA 90210"
15,Alpha and Omega Electric Corporation,"5678 E. Oak Street,Centerville,CA 90210,US"
16,Alpha & Omega Electric,"5678 Oak St East, Centerville CA 90210"
17,Alpha & Omega Elec. Corp.,"5678 E Oak St., Centerville, California 90210"
18,Pine Tree Landscaping,"91011 South Pine Blvd, Lakeview, FL 32055"
19,Pine Tree Landscapers Inc.,91011 S Pine Boulevard Lakeview FL 32055 USA
20,Pine Tree Landscapng,"91011 South Pine Blvd., Lakeview, FL, 32055"
21,Pin Tree Landscaping,91011 S. Pine Blvd Lakeview FL 32055
22,Green Valley Plumbing,"2000 Water St, Riverdale, NY 10001"
23,Pine Tree Landscaping LLC,"91011 S Pine Blvd, Lakeview, FL"
